{
  "period_days": 0.8375383400111631,
  "t0_bkjd": 131.57231488081976,
  "duration_days": 0.07,
  "duration_hours": 1.6800000000000002,
  "depth_relative": 0.00016498540560982988,
  "depth_ppm": 164.98540560982988,
  "snr": 2.548122506641539,
  "n_transits_covered": 39.963634079639895
}